,NSub,curDur,WMSize,gap,repDur_mean,repDur_std,mPred,sdPred,repErr,predErr,repCV,predCV
0,1,0.5,1,1,0.7393169278333334,0.33883873095630135,0.7832746502653797,0.257157571202691,0.23931692783333336,0.2832746502653797,0.4583132323904896,0.32831085637147067
1,1,0.5,3,1,0.7239782956249999,0.2954227280545323,0.7710038802699467,0.2546485651059713,0.22397829562499993,0.2710038802699467,0.4080546748980895,0.3302818203934496
2,1,0.5,5,1,0.673986052875,0.3201435911755412,0.7651104220828742,0.2527035546434704,0.17398605287500002,0.26511042208287416,0.47500032057030744,0.3302837699629432
3,1,0.8,1,1,0.975966552875,0.24112518164209823,0.9369826153656592,0.27724422483008454,0.17596655287499996,0.13698261536565914,0.24706295613491286,0.29589046827927484
4,1,0.8,3,1,1.0033147635,0.2715123682661128,0.9200239289501276,0.27389003061323197,0.20331476349999988,0.12002392895012759,0.27061534240656354,0.2976988119491389
5,1,0.8,5,1,1.013309129875,0.2903589473004313,0.9144840218001885,0.27250221135143265,0.21330912987500006,0.11448402180018846,0.28654527896758364,0.29798466113711214
6,1,1.1,1,1,1.093962878875,0.23965880128056524,1.0565503473163904,0.3004799793417936,-0.0060371211250001,-0.043449652683609674,0.21907397948184812,0.28439721789406885
7,1,1.1,3,1,0.954640133625,0.27452998355784153,1.0391352483920349,0.2964238212910125,-0.1453598663750001,-0.06086475160796523,0.2875743161094481,0.2852600965559592
8,1,1.1,5,1,1.0446480323333334,0.22328986523230868,1.0316457085369966,0.294720998547195,-0.055351967666666724,-0.06835429146300354,0.2137465043930316,0.28568043865092646
9,1,1.4,1,1,1.085979461,0.23760530644832098,1.157609482814113,0.3240466470915093,-0.31402053899999993,-0.2423905171858869,0.21879355455721736,0.2799274296749556
10,1,1.4,3,1,1.2666221402916666,0.32146467197413137,1.13907991680175,0.3192503245035958,-0.13337785970833327,-0.2609200831982499,0.25379682049463254,0.28027034784352134
11,1,1.4,5,1,1.1046308445,0.2604207353976244,1.1304497257168924,0.3175690733469169,-0.2953691555,-0.2695502742831075,0.23575363361820775,0.28092277446971425
12,1,1.7,1,1,1.2206505765833333,0.36178372298364825,1.2454328415029965,0.3456017242186089,-0.47934942341666664,-0.45456715849700347,0.29638598459216753,0.27749527128378476
13,1,1.7,3,1,1.2966292269166666,0.28303068861305525,1.2247458421483635,0.3403132727264714,-0.40337077308333336,-0.4752541578516365,0.21828189796869774,0.2778644033847199
14,1,1.7,5,1,1.1759859991666668,0.30318292718494544,1.2157684512558489,0.3388065958155683,-0.5240140008333332,-0.4842315487441511,0.25781168092119167,0.2786769104475381
15,2,0.5,1,1,0.5966580193333334,0.1757675011239632,0.6197426352280679,0.18143654737588408,0.0966580193333334,0.11974263522806794,0.2945866734856833,0.29276111899113516
16,2,0.5,3,1,0.6175402925,0.2552241524883501,0.6114416286936282,0.17997617689674286,0.11754029249999998,0.11144162869362817,0.4132914978796305,0.2943472744590025
17,2,0.5,5,1,0.5886295031250001,0.15111701598383928,0.6076219601991715,0.17982265159771776,0.08862950312500006,0.10762196019917147,0.256726880289839,0.29594495159255596
18,2,0.8,1,1,0.8399679239166667,0.15233379202621056,0.8054832845775897,0.19319094906728326,0.0399679239166667,0.00548328457758962,0.18135667766442423,0.23984476495821533
19,2,0.8,3,1,0.8006361878333333,0.12273158459982637,0.7946069984664125,0.19129575341631483,0.0006361878333333015,-0.005393001533587571,0.15329257715912178,0.24074259827249783
20,2,0.8,5,1,0.8586272838333334,0.1634082933117972,0.789276607705345,0.19070420494002494,0.05862728383333338,-0.01072339229465502,0.19031341816004543,0.24161897499338936
21,2,1.1,1,1,0.8719769305416666,0.25540478659452565,0.9602512141807977,0.21439487118952807,-0.2280230694583335,-0.13974878581920236,0.29290314645809473,0.22326956532143624
22,2,1.1,3,1,0.9779813487499999,0.22732240380740112,0.9491602535854466,0.2115264161017817,-0.12201865125000022,-0.15083974641455344,0.23244042853982,0.22285637783792783
23,2,1.1,5,1,0.9746537954583333,0.21264048657671103,0.9423955571805717,0.21044696334321225,-0.12534620454166678,-0.15760444281942843,0.21817027499155875,0.22331064884560856
24,2,1.4,1,1,1.0746321644166665,0.2114757378497288,1.0998346143648599,0.23661397072775048,-0.3253678355833334,-0.30016538563514006,0.1967889523989098,0.21513595556763956
25,2,1.4,3,1,1.025975323,0.2473824647808337,1.0857989659074847,0.233940646974618,-0.37402467699999997,-0.3142010340925152,0.2411193127505989,0.21545484414704338
26,2,1.4,5,1,1.0319744434166667,0.2127008449218724,1.0786718336794892,0.23323929526303303,-0.36802555658333325,-0.32132816632051076,0.2061105740348194,0.21622822435941766
27,2,1.7,1,1,1.2991976963043477,0.23178690652986947,1.224517561553678,0.25934652980012807,-0.4008023036956523,-0.4754824384463219,0.17840772592901172,0.21179486349796978
28,2,1.7,3,1,1.2126335372916668,0.234137094046091,1.2098257049091459,0.2565122806083009,-0.48736646270833317,-0.4901742950908541,0.19308149316818338,0.2120241614700724
29,2,1.7,5,1,1.2239719695416666,0.27500289809157263,1.2022680372152015,0.2552793233550309,-0.4760280304583333,-0.4977319627847985,0.22468071568219924,0.2123314564249177
30,3,0.5,1,1,0.8406534581666666,0.2089479055652332,0.8285996112987981,0.19234135150833342,0.3406534581666666,0.3285996112987981,0.24855414979308577,0.23212821836453162
31,3,0.5,3,1,0.8319695899583334,0.1999863103251981,0.8076567081907615,0.18865594972615404,0.33196958995833337,0.3076567081907615,0.2403769473535851,0.23358432835748222
32,3,0.5,5,1,0.8566429723333333,0.21072137497701002,0.7982122577607592,0.1875067703653839,0.3566429723333333,0.2982122577607592,0.2459850623685675,0.23490840755991443
33,3,0.8,1,1,0.8873121892916668,0.209038531368859,0.9278411578432976,0.20017038521602704,0.08731218929166673,0.12784115784329753,0.23558622758888564,0.2157377731349073
34,3,0.8,3,1,0.8602398144347826,0.19559395912440533,0.9048712009358988,0.19541231065572373,0.060239814434782546,0.10487120093589875,0.22737143275903782,0.2159559398659288
35,3,0.8,5,1,0.8372993157083334,0.2014249427606638,0.8938809254650123,0.19423552580679757,0.037299315708333336,0.09388092546501225,0.240565039265873,0.21729463094399615
36,3,1.1,1,1,0.9633178203333334,0.18160570254828884,1.0025365807307267,0.20964258154198162,-0.13668217966666674,-0.09746341926927338,0.18852106616843076,0.20911215168745043
37,3,1.1,3,1,0.9808491000416666,0.1341210285248325,0.9770514242243151,0.20553457778171785,-0.1191508999583335,-0.12294857577568497,0.13673971716866032,0.21036208810083107
38,3,1.1,5,1,0.9646490659583334,0.16819470064579867,0.9649164960213527,0.20316156763273274,-0.13535093404166665,-0.13508350397864743,0.17435843415108182,0.2105483411988813
39,3,1.4,1,1,1.0886379999583333,0.1868526477269571,1.062124129640072,0.21933639811905703,-0.3113620000416666,-0.33787587035992783,0.17163891737575643,0.20650731114957796
40,3,1.4,3,1,1.0359733002916667,0.18574430914198942,1.0356481200875174,0.2139011961431394,-0.36402669970833323,-0.3643518799124825,0.1792944944524103,0.20653848734361985
41,3,1.4,5,1,0.983305309125,0.17121918841394448,1.0234149206524066,0.21227216200462623,-0.4166946908749999,-0.37658507934759333,0.17412617101224123,0.20741554351123487
42,3,1.7,1,1,1.1779660272499999,0.22370913668690323,1.112999487544784,0.22884203274816667,-0.5220339727500001,-0.587000512455216,0.18991136544842427,0.20560839003886666
43,3,1.7,3,1,1.1346402377916667,0.3518166196271859,1.085568598659853,0.2228206848520994,-0.5653597622083333,-0.6144314013401471,0.3100688728542902,0.20525712067129995
44,3,1.7,5,1,1.0739925997916666,0.15179952708711517,1.072808887777056,0.22035637529186125,-0.6260074002083333,-0.6271911122229439,0.14134131568184108,0.20540133270936717
45,4,0.5,1,1,0.8500943294583334,0.239288361103252,0.8811339352506009,0.2156180494743698,0.3500943294583334,0.3811339352506009,0.28148448097015627,0.2447051927616957
46,4,0.5,3,1,0.8926273767083334,0.24237326564626605,0.8675077774031914,0.2134861630231601,0.39262737670833336,0.3675077774031914,0.271527932002316,0.24609135339652197
47,4,0.5,5,1,0.8266401091666666,0.22878186093705097,0.8624943022690231,0.21222850361379927,0.32664010916666664,0.3624943022690231,0.27676114236422095,0.24606365868791846
48,4,0.8,1,1,0.9226314169166666,0.236586413513869,1.0170007049376222,0.2310048114320655,0.12263141691666657,0.21700070493762214,0.2564257071415527,0.22714321662759732
49,4,0.8,3,1,1.0406212187916666,0.20313050165389038,1.003187353644848,0.22712795964527197,0.24062121879166654,0.20318735364484786,0.19520119135160294,0.2264063226276282
50,4,0.8,5,1,1.053300873375,0.28142928537840156,0.9955453518339429,0.22611886479330323,0.25330087337499996,0.19554535183394284,0.267187935083204,0.22713065193540263
51,4,1.1,1,1,1.0772657650833333,0.20218266830310078,1.1216662707212102,0.24748854339097046,-0.022734234916666818,0.02166627072121008,0.18768132698198264,0.22064365297517594
52,4,1.1,3,1,1.1172951519583334,0.19679057856411725,1.1059154611049913,0.24350787929769538,0.01729515195833331,0.005915461104991193,0.17613123821328103,0.22018670310874486
53,4,1.1,5,1,1.131292636375,0.2633570590272039,1.0984843395688655,0.24291654735059443,0.031292636374999905,-0.0015156604311346022,0.23279304625466202,0.22113792486648887
54,4,1.4,1,1,1.3506039254583333,0.30038350333860814,1.2083516737775457,0.2631113134516337,-0.04939607454166661,-0.1916483262224542,0.22240680459792955,0.21774398890771246
55,4,1.4,3,1,1.1606078717083335,0.2109821833835796,1.1911922665598835,0.2591497325999084,-0.23939212829166645,-0.20880773344011638,0.18178593177472474,0.21755491525169374
56,4,1.4,5,1,1.1379595658333332,0.2046985773307505,1.1832729843065926,0.25783742216190364,-0.26204043416666667,-0.21672701569340735,0.17988211837812423,0.21790189210902877
57,4,1.7,1,1,1.318613051875,0.18779615509046457,1.2832369189033688,0.2768552418922862,-0.38138694812499985,-0.4167630810966312,0.14241945718907306,0.21574756602925804
58,4,1.7,3,1,1.1952791135416667,0.2226824690988075,1.2634825557380356,0.27452614896942307,-0.5047208864583332,-0.43651744426196437,0.1863016483564154,0.2172773559260299
59,4,1.7,5,1,1.2899578135,0.28101838572014004,1.2561205632925785,0.27189395531636207,-0.4100421864999999,-0.44387943670742147,0.21785083417391932,0.21645530155454665
60,5,0.5,1,1,0.8226287275416667,0.26485783394143836,0.9522829853722418,0.38700271246922546,0.3226287275416667,0.45228298537224176,0.3219652135574406,0.4063946520245223
61,5,0.5,3,1,0.9593059759583333,0.2697477499285686,0.9426839192733611,0.38529198847012297,0.45930597595833333,0.44268391927336115,0.2811905238671054,0.40871810857568613
62,5,0.5,5,1,1.0125854916956523,0.374197940865089,0.9405519532139157,0.38241146467937553,0.5125854916956523,0.4405519532139157,0.3695470100390889,0.4065819685692591
63,5,0.8,1,1,0.9979576582173912,0.42500530392787644,1.0802530467589864,0.41592144154544364,0.1979576582173912,0.2802530467589863,0.4258750864110258,0.3850222341823575
64,5,0.8,3,1,1.1373008667916666,0.522617057307233,1.070684489194305,0.41181878676936734,0.3373008667916666,0.270684489194305,0.4595240121301755,0.3846313184935208
65,5,0.8,5,1,1.1806315964166667,0.42795398523787265,1.068605487914854,0.41039134624439627,0.38063159641666666,0.26860548791485406,0.3624788516051537,0.38404383178415424
66,5,1.1,1,1,1.1718830205652175,0.41939384050673395,1.1804326313129188,0.4422666808327876,0.07188302056521745,0.08043263131291867,0.3578802944891665,0.3746649059852598
67,5,1.1,3,1,1.2152761534166667,0.5143253807354942,1.1693621092688742,0.4398972956943087,0.11527615341666664,0.0693621092688741,0.4232168789698565,0.3761856932146944
68,5,1.1,5,1,1.0706916777727271,0.439325567604224,1.1640963482208346,0.43660644296116613,-0.029308322227272976,0.06409634822083454,0.4103194007430013,0.37506040082374675
69,5,1.4,1,1,1.2059651466190477,0.409893913412591,1.262026621526712,0.46603700032395884,-0.19403485338095217,-0.13797337847328794,0.33988868962070623,0.3692766795681217
70,5,1.4,3,1,1.0817950342857143,0.507293520900316,1.248878094992085,0.4640570391497137,-0.3182049657142856,-0.1511219050079149,0.46893681780973495,0.37157913251145197
71,5,1.4,5,1,1.4063147469130437,0.48322685172029495,1.2435104678020372,0.4615030021975653,0.006314746913043789,-0.1564895321979627,0.3436121627686908,0.37112916549330977
72,5,1.7,1,1,1.2900185703913043,0.4315711109110493,1.3317127938667288,0.4918103829267438,-0.40998142960869566,-0.36828720613327115,0.33454643275417334,0.36930664418919873
73,5,1.7,3,1,1.3332703984347827,0.46154170815528794,1.3159813391956179,0.4853921914653903,-0.3667296015652173,-0.3840186608043821,0.34617262087054756,0.3688442814562113
74,5,1.7,5,1,1.3528647622727272,0.49612629455006496,1.3121438276838542,0.48345014578281237,-0.3471352377272727,-0.3878561723161458,0.3667227563208936,0.36844295235239566
75,6,0.5,1,1,0.7946435096666667,0.22502350248705308,0.8492192755967733,0.22234912886202776,0.29464350966666675,0.34921927559677335,0.2831754110487165,0.2618276989836058
76,6,0.5,3,1,0.8406291080416667,0.22593458254713664,0.8123490708331444,0.21465138344984216,0.3406291080416667,0.31234907083314445,0.26876845018307166,0.2642354021894749
77,6,0.5,5,1,0.7879828103333333,0.2344974448234241,0.797123878161323,0.21205978204323003,0.2879828103333333,0.297123878161323,0.29759208163973366,0.266031150054588
78,6,0.8,1,1,1.00730291525,0.23138548282322802,0.9953249759379327,0.23890939765061603,0.2073029152499999,0.19532497593793263,0.22970794516741871,0.2400315509268544
79,6,0.8,3,1,1.01197788425,0.17585931569408536,0.9523666724676568,0.23023721694368687,0.21197788424999997,0.15236667246765678,0.17377782502076983,0.24175270260888504
80,6,0.8,5,1,0.9359653720416667,0.2372445821744768,0.933827099171996,0.22634649387963215,0.1359653720416667,0.13382709917199598,0.2534758114576009,0.24238587001847411
81,6,1.1,1,1,1.1352995559166665,0.18120077460083409,1.108682794999791,0.2584993241745531,0.03529955591666645,0.008682794999790966,0.1596061353644488,0.23315895704379705
82,6,1.1,3,1,1.0326576721666667,0.2450125590642973,1.062223827184263,0.24798056791545772,-0.06734232783333338,-0.037776172815737086,0.2372640669489485,0.23345415680685985
83,6,1.1,5,1,1.025968048125,0.26903467009678933,1.0405505887514188,0.2441919528437552,-0.07403195187500011,-0.059449411248581274,0.2622251936485367,0.2346757144568693
84,6,1.4,1,1,1.251969509125,0.2762910553799046,1.203188705221964,0.2761515997114541,-0.14803049087499986,-0.19681129477803583,0.2206851312002032,0.22951644950864933
85,6,1.4,3,1,1.1186380755416667,0.24842178214545046,1.1520405615929878,0.2648302239745987,-0.2813619244583332,-0.24795943840701207,0.2220752069655413,0.22987925321692135
86,6,1.4,5,1,1.0899699063750001,0.25655739980388237,1.1287835859514697,0.2602497522012811,-0.3100300936249998,-0.27121641404853025,0.2353802598616101,0.2305577042758931
87,6,1.7,1,1,1.3406192333333333,0.33714116712433956,1.284821298296805,0.29265707330047147,-0.35938076666666663,-0.41517870170319493,0.2514816726044332,0.2277803720162686
88,6,1.7,3,1,1.299305778875,0.27774019919538434,1.2309274257071772,0.28063778208576534,-0.40069422112499997,-0.4690725742928228,0.21376045863188944,0.22798889375995243
89,6,1.7,5,1,1.096643759125,0.2532375828376216,1.20612864951028,0.27588077198733274,-0.603356240875,-0.49387135048971986,0.23092055257732655,0.22873245909492954
90,7,0.5,1,1,0.804593308173913,0.34399893453877134,0.9021562631354536,0.2894892157516972,0.30459330817391295,0.4021562631354536,0.42754386724829174,0.3208858903728877
91,7,0.5,3,1,0.961964679625,0.4533168562020957,0.8935636611969672,0.28781173252365094,0.461964679625,0.3935636611969672,0.4712406451126781,0.3220942670588402
92,7,0.5,5,1,0.76736206225,0.2877006575970495,0.8905359739712534,0.2876801467452588,0.26736206225000003,0.3905359739712534,0.3749216592145248,0.3230415785028637
93,7,0.8,1,1,0.9476532329166667,0.26122187923382134,1.0441554513425164,0.31183032312338355,0.14765323291666665,0.24415545134251637,0.27565133548886683,0.2986435810132003
94,7,0.8,3,1,1.038341281375,0.408958611176238,1.0361212699958047,0.3092105531479409,0.23834128137499988,0.23612126999580463,0.3938576058872318,0.2984308517758668
95,7,0.8,5,1,1.0113020662916667,0.326775255864055,1.0306280422232441,0.308835741103601,0.2113020662916667,0.23062804222324407,0.32312329496399017,0.2996578090747352
96,7,1.1,1,1,1.1677798755,0.2584631098165775,1.1549876011949873,0.33506468188585475,0.06777987549999986,0.054987601194987246,0.22132862129167383,0.29010240589525466
97,7,1.1,3,1,1.2418413808333333,0.25945938807983876,1.1435945808423975,0.3322377866880982,0.1418413808333332,0.043594580842397423,0.20893118242341824,0.29052060254025025
98,7,1.1,5,1,1.2284864906086956,0.28716238763339963,1.138717320417136,0.3311928221757027,0.12848649060869555,0.038717320417135825,0.23375298778508766,0.2908472684462021
99,7,1.4,1,1,1.30530814025,0.22124369944901148,1.2457919013466512,0.35716708063003005,-0.09469185974999994,-0.15420809865334872,0.1694953801534078,0.28669883007262026
100,7,1.4,3,1,1.3342449132916665,0.27769596675746683,1.2331324101933776,0.3549067533499811,-0.06575508670833341,-0.1668675898066223,0.20812967993437825,0.28780911961783995
101,7,1.4,5,1,1.2817290511666666,0.3173556146745232,1.2283225651452434,0.35317923363829495,-0.11827094883333333,-0.1716774348547565,0.2475996111546797,0.28752971219455953
102,7,1.7,1,1,1.2366261937083334,0.1746075503528885,1.3223017374153851,0.3776945574093201,-0.4633738062916666,-0.3776982625846148,0.14119671024376737,0.28563416860328295
103,7,1.7,3,1,1.3246391452083333,0.42392574471618927,1.3105495443457975,0.37414154971446145,-0.3753608547916667,-0.38945045565420244,0.32003111658723943,0.2854844758282115
104,7,1.7,5,1,1.2883644778333332,0.32024160765201676,1.304608910164906,0.37314226893550473,-0.41163552216666677,-0.39539108983509386,0.24856444986016155,0.2860184887809317
105,8,0.5,1,1,0.6713081658333334,0.18002906069114935,0.7024106017350166,0.23956005305772365,0.17130816583333341,0.20241060173501657,0.26817647967631814,0.3410541533199941
106,8,0.5,3,1,0.7273196745,0.1950490014175126,0.6861408280017905,0.23577207758082097,0.2273196745,0.18614082800179055,0.26817506559491894,0.34362053380127044
107,8,0.5,5,1,0.746648308,0.23279275650472658,0.6794241392506284,0.23483093678955058,0.24664830800000004,0.1794241392506284,0.31178367915718436,0.34563231304757236
108,8,0.8,1,1,0.9266607957916667,0.20299070092225768,0.8924484101413107,0.26017316379353106,0.12666079579166667,0.09244841014131067,0.2190561010502643,0.2915273990485737
109,8,0.8,3,1,0.8166453321249999,0.19445510542730365,0.8730858754380348,0.25663929488150306,0.016645332124999856,0.0730858754380348,0.2381145128464891,0.2939450769980042
110,8,0.8,5,1,0.8727559290869564,0.2764367312492818,0.8644079049706062,0.25445810064003804,0.07275592908695638,0.06440790497060611,0.31674002093400755,0.2943727135960086
111,8,1.1,1,1,1.115956334,0.2632786884213525,1.0501579321867625,0.29006149289249544,0.01595633399999996,-0.049842067813237634,0.23592203422302765,0.2762074960368059
112,8,1.1,3,1,0.93062721625,0.2802436975767029,1.027401351582696,0.28412443485755956,-0.1693727837500001,-0.07259864841730401,0.30113421645452865,0.27654668199518156
113,8,1.1,5,1,0.9562749476666667,0.30746369903947873,1.0166733584546415,0.28218354745255625,-0.14372505233333344,-0.08332664154535863,0.32152227744718964,0.2775557607622171
114,8,1.4,1,1,1.1806367670833333,0.27400491128126825,1.1879380753417719,0.3189164044111817,-0.2193632329166666,-0.21206192465822804,0.23208231263047566,0.2684621454863536
115,8,1.4,3,1,1.1426406285416666,0.33851315561336437,1.1621252093134884,0.31375214958106173,-0.2573593714583333,-0.23787479068651152,0.2962551367050576,0.2699813643715784
116,8,1.4,5,1,1.1493024397916667,0.3372367579941583,1.1503233432329996,0.31056945780879003,-0.2506975602083332,-0.24967665676700035,0.2934273402006255,0.269984487088587
117,8,1.7,1,1,1.3593098015,0.3852422144163556,1.3119484666516885,0.34971505373979866,-0.34069019849999993,-0.38805153334831144,0.28341016447555983,0.2665615781634547
118,8,1.7,3,1,1.3486306797916667,0.3960096712073306,1.2828654377137343,0.3418471183855983,-0.3513693202083332,-0.41713456228626566,0.29363833786467414,0.2664715318816469
119,8,1.7,5,1,1.2046286905,0.4183243898125361,1.2703119007387076,0.33818124982719683,-0.49537130949999986,-0.42968809926129237,0.3472641761827074,0.2662190676404266
120,9,0.5,1,1,0.9892260987727273,0.2981077799613325,1.0139354606700615,0.2848411029731311,0.48922609877272727,0.5139354606700615,0.3013545440533531,0.2809262660415222
121,9,0.5,3,1,1.0321974764166666,0.3665646799475092,0.9870424623005883,0.27753844320535626,0.5321974764166666,0.48704246230058834,0.35513037797772934,0.28118186785852406
122,9,0.5,5,1,0.9804247032916668,0.29681382104953147,0.9740621264793162,0.27475231857306,0.48042470329166675,0.4740621264793162,0.3027400473009422,0.2820685776646858
123,9,0.8,1,1,0.9446182611666667,0.19889572857913715,1.0522144128156026,0.28502388980220483,0.14461826116666665,0.25221441281560253,0.2105567261990972,0.2708800471944822
124,9,0.8,3,1,1.0412939285416667,0.30509162650322075,1.0259513885351985,0.2773710139258076,0.24129392854166665,0.22595138853519847,0.29299280264747335,0.2703549281431588
125,9,0.8,5,1,0.984628961,0.21130272421515586,1.0121842913244332,0.27468234830509514,0.18462896099999992,0.21218429132443317,0.2146013702466709,0.27137582618050315
126,9,1.1,1,1,1.0712882624583333,0.3700578783148136,1.0806693670899297,0.2879119822235,-0.028711737541666782,-0.019330632910070422,0.34543258923198245,0.26642004575257006
127,9,1.1,3,1,1.0487426260434782,0.24549673923678766,1.0524500207783363,0.2805325599256782,-0.05125737395652186,-0.04754997922166382,0.23408673695562174,0.2665519068717498
128,9,1.1,5,1,1.072623911,0.24075014452989257,1.039287439213962,0.2774377995562061,-0.027376089000000103,-0.06071256078603815,0.22444972749623196,0.2669500169905248
129,9,1.4,1,1,1.147290859375,0.21665804819261092,1.1010781614402039,0.2919807206411695,-0.25270914062499994,-0.29892183855979604,0.18884317470343825,0.2651771062821375
130,9,1.4,3,1,1.0859550744166666,0.21507104662515933,1.0730407961294417,0.2832570235078714,-0.3140449255833333,-0.3269592038705582,0.19804783060725348,0.2639760058793719
131,9,1.4,5,1,0.9526237160833334,0.2828580126148864,1.0595981438489184,0.28063145773983067,-0.4473762839166665,-0.34040185615108154,0.2969252264449635,0.2648470643035066
132,9,1.7,1,1,1.2092774016666668,0.3505977061597341,1.1190268280700275,0.2935507916645629,-0.4907225983333332,-0.5809731719299724,0.28992330930564697,0.26232685785634513
133,9,1.7,3,1,1.1088473835,0.2837114403902208,1.08942125544584,0.28703860887666655,-0.5911526165000001,-0.61057874455416,0.2558615771763877,0.2634780691507598
134,9,1.7,5,1,1.0926337447499999,0.25223570422411906,1.0758145424934171,0.2837758333278317,-0.6073662552500001,-0.6241854575065828,0.23085110215210483,0.2637776513692815
135,10,0.5,1,1,0.7465771760416667,0.24359780198187816,0.8248445300037172,0.23886438675808594,0.24657717604166673,0.32484453000371716,0.32628616276943734,0.2895871622704578
136,10,0.5,3,1,0.8419606914166667,0.23014063820217545,0.8158382293081334,0.2365947867805718,0.34196069141666674,0.31583822930813343,0.27333893440434287,0.290002084091125
137,10,0.5,5,1,0.8499742022916666,0.2777820462052146,0.8114940647659186,0.23516454067892897,0.34997420229166665,0.31149406476591857,0.32681232613445177,0.28979206489546405
138,10,0.8,1,1,0.8699800462916666,0.2168356197747137,0.9213924230537618,0.24750524271089488,0.06998004629166654,0.12139242305376174,0.24924206100931434,0.2686208791370247
139,10,0.8,3,1,0.9519760515,0.24558060171574908,0.9103637687876196,0.24515921533115134,0.15197605149999993,0.11036376878761955,0.25796930640092797,0.26929808032413577
140,10,0.8,5,1,0.9319666437083334,0.2401329612807439,0.905189867499291,0.24526212106778303,0.13196664370833333,0.10518986749929093,0.25766261368029764,0.27095102350775613
141,10,1.1,1,1,0.9852280620833334,0.26523334000369314,0.9924772065222969,0.2595095116561812,-0.11477193791666673,-0.10752279347770322,0.2692100948107779,0.2614765457088118
142,10,1.1,3,1,1.0059309696666667,0.22252342798279517,0.9822708413143355,0.2558074497211268,-0.09406903033333336,-0.11772915868566458,0.2212114297033049,0.2604245580361945
143,10,1.1,5,1,0.91252254575,0.2639570317547447,0.9752414138662584,0.25630701401835887,-0.18747745425000006,-0.12475858613374169,0.2892608330436363,0.2628139149692714
144,10,1.4,1,1,1.0519646061666668,0.24258920573393336,1.0506531329870639,0.27094376967449035,-0.34803539383333315,-0.34934686701293605,0.23060586288917312,0.2578812751494706
145,10,1.4,3,1,1.01929843225,0.2188576365581523,1.0378893155537223,0.2680692709542414,-0.38070156774999986,-0.3621106844462776,0.21471399310901107,0.25828310103686175
146,10,1.4,5,1,1.0579595480833333,0.31030422048176465,1.0322136874344046,0.26696260304656033,-0.34204045191666665,-0.36778631256559535,0.2933044283630045,0.2586311403311297
147,10,1.7,1,1,1.1532867307499999,0.3322547349160939,1.0992037787540767,0.281746575484908,-0.5467132692500001,-0.6007962212459232,0.28809378106693695,0.25631878358739046
148,10,1.7,3,1,1.0466243000833333,0.24734906749186825,1.0879457358946152,0.2783168565999501,-0.6533756999166667,-0.6120542641053848,0.2363303312107067,0.2558186933570642
149,10,1.7,5,1,1.1199605687916667,0.25129126350094916,1.080543529169609,0.27680439472189944,-0.5800394312083332,-0.6194564708303909,0.22437509900198455,0.2561714426577723
150,11,0.5,1,1,0.5453156408333334,0.15145642462963835,0.5627441261416857,0.1695193801806569,0.04531564083333339,0.06274412614168567,0.27774084087921563,0.301237049496943
151,11,0.5,3,1,0.519975127,0.10689233871765515,0.5522733571342752,0.16816530657028286,0.019975127000000037,0.05227335713427517,0.20557202290496318,0.3044965041277494
152,11,0.5,5,1,0.5253278902499999,0.14357039514028358,0.5484987844679016,0.16828206147270894,0.02532789024999993,0.04849878446790157,0.2732967310605942,0.30680480292396506
153,11,0.8,1,1,0.8439761626250001,0.15547310657435437,0.8521431111110757,0.16050285327369512,0.04397616262500004,0.05214311111107561,0.18421504476002007,0.18835199297031435
154,11,0.8,3,1,0.8273140081666667,0.17060815620359757,0.8365527674099901,0.1593758140240383,0.027314008166666626,0.03655276740999003,0.2062193490252466,0.19051495641748212
155,11,0.8,5,1,0.8586203637916667,0.17751261415896455,0.8296718468227223,0.15897834023302101,0.058620363791666685,0.02967184682272228,0.20674167728222634,0.19161592723898976
156,11,1.1,1,1,1.1466285039166666,0.17657100188279626,1.129371196765886,0.17355171622504773,0.04662850391666651,0.029371196765885843,0.1539914639132579,0.15367110186804622
157,11,1.1,3,1,1.137310461125,0.24091878341202977,1.108153930312941,0.17144843147853966,0.037310461124999916,0.008153930312940982,0.2118320297289086,0.15471535748659293
158,11,1.1,5,1,1.0992898802083333,0.20548180192806215,1.100133112951056,0.17028755971931603,-0.0007101197916667967,0.00013311295105600252,0.18692230832609866,0.15478814128458288
159,11,1.4,1,1,1.3939680943750001,0.18831696455109104,1.3970526273316968,0.19453708420512178,-0.006031905624999778,-0.0029473726683031387,0.13509417131639936,0.1392482147051813
160,11,1.4,3,1,1.3426404242916667,0.15046353073640778,1.3722539472967892,0.19190670016613234,-0.057359575708333166,-0.027746052703210733,0.1120653959274222,0.13984780334876823
161,11,1.4,5,1,1.3673010689166667,0.208125073516619,1.3610303694845651,0.19048174512488417,-0.032698931083333216,-0.03896963051543478,0.1522159809920427,0.13995407405715815
162,11,1.7,1,1,1.6999612588333335,0.18066119790358456,1.658941443746112,0.2202651208514631,-3.874116666646721e-05,-0.04105855625388788,0.10627371474781169,0.13277450007763683
163,11,1.7,3,1,1.6066331235833333,0.20884857175165125,1.6282127857902176,0.2166559576915983,-0.09336687641666663,-0.0717872142097824,0.1299914514932,0.13306366316638954
164,11,1.7,5,1,1.6080498805652175,0.20905392915386817,1.6157579614033628,0.21554235613955286,-0.09195011943478248,-0.08424203859663715,0.1300046296327495,0.1334001510673938
165,12,0.5,1,1,0.941288717875,0.28899469831406865,1.0396191584880268,0.3513925971721077,0.441288717875,0.5396191584880268,0.3070202508816707,0.3380012712377834
166,12,0.5,3,1,0.9221712951666666,0.45238577484433945,1.0291759130644942,0.3495912015879939,0.4221712951666666,0.5291759130644942,0.4905658820822204,0.3396807068162374
167,12,0.5,5,1,1.1658377761304348,0.4553666414651983,1.0256635686917024,0.3474565720857284,0.6658377761304348,0.5256635686917024,0.39059177081790797,0.33876271195722674
168,12,0.8,1,1,1.0209149282916667,0.3308271483737258,1.1000402835411804,0.35795689903282435,0.2209149282916667,0.3000402835411804,0.3240496727061388,0.3254034460270055
169,12,0.8,3,1,1.1623621183333332,0.44493330708748885,1.0892548675580909,0.35382944401569466,0.3623621183333332,0.2892548675580908,0.38278372984613585,0.32483622938395973
170,12,0.8,5,1,1.012900861125,0.34180761252115266,1.0846890332490458,0.35275855162681147,0.21290086112500006,0.2846890332490457,0.33745416322532956,0.325216297771693
171,12,1.1,1,1,1.03397367075,0.2975506532481688,1.142639260008208,0.36510836242212424,-0.06602632925000007,0.042639260008207946,0.28777391694349275,0.3195307348528367
172,12,1.1,3,1,1.1258292981666667,0.31928992221433117,1.132525040812031,0.3624449604139268,0.02582929816666657,0.032525040812031,0.2836042042379535,0.3200326238738619
173,12,1.1,5,1,1.1899663662083333,0.36135904871998237,1.1276490093843046,0.3625302713985535,0.0899663662083332,0.02764900938430448,0.30367164903274035,0.3214921206701496
174,12,1.4,1,1,1.18669408325,0.3340518836537646,1.1771686543768356,0.37335368698653887,-0.21330591675,-0.2228313456231643,0.2814978926488758,0.3171624436297815
175,12,1.4,3,1,1.1619029801666667,0.3368398556593806,1.1654776109336509,0.36937643783595436,-0.2380970198333332,-0.23452238906634904,0.28990359901741825,0.3169313887892287
176,12,1.4,5,1,1.132313047125,0.3722392794877494,1.1595044822314429,0.36876425372468186,-0.2676869528749999,-0.24049551776855704,0.3287423742337719,0.31803607435393655
177,12,1.7,1,1,1.3619652041666666,0.33282244966473057,1.2051555192415433,0.38064349656263863,-0.3380347958333334,-0.49484448075845666,0.24436927510814907,0.3158459555511924
178,12,1.7,3,1,1.1632978634583333,0.26985137264544706,1.1922566243216581,0.3767077802642281,-0.5367021365416667,-0.5077433756783418,0.2319710034051073,0.31596199390257806
179,12,1.7,5,1,1.3202677598333332,0.3024666297277705,1.1886137807053547,0.3755714590640567,-0.37973224016666673,-0.5113862192946452,0.22909491463000883,0.3159743435257689
180,13,0.5,1,1,0.675314817375,0.2898755348747937,0.7307121421835547,0.252194720280897,0.175314817375,0.23071214218355474,0.4292450386348133,0.34513552700421085
181,13,0.5,3,1,0.73263135875,0.2730674342937753,0.7168533970745984,0.24874170904879153,0.23263135874999996,0.2168533970745984,0.3727214663042504,0.3469910445620816
182,13,0.5,5,1,0.825960816375,0.2531247610579148,0.7108163850099386,0.24714259235705607,0.32596081637499996,0.2108163850099386,0.30646097979421816,0.3476883729313591
183,13,0.8,1,1,0.7672851320416667,0.22993713471363683,0.881673266126279,0.2709444761348775,-0.03271486795833334,0.08167326612627901,0.29967625477349963,0.30730712446947556
184,13,0.8,3,1,0.823961969875,0.231539134370357,0.86350081552948,0.26724233178028084,0.02396196987499999,0.06350081552947995,0.2810070644467764,0.3094870635604596
185,13,0.8,5,1,0.9412886906666666,0.2418283826600321,0.8570463589614572,0.2639817864265906,0.1412886906666666,0.057046358961457155,0.2569120239708366,0.3080134273558734
186,13,1.1,1,1,1.0392629052083333,0.22921080185873768,1.0007686942339216,0.2943731767883211,-0.06073709479166678,-0.09923130576607853,0.22055131642824247,0.2941470676335063
187,13,1.1,3,1,0.8719527122083334,0.2494633252245803,0.9813070939636467,0.2888146866483508,-0.22804728779166672,-0.11869290603635341,0.28609730978734166,0.2943163138480788
188,13,1.1,5,1,0.949316046125,0.23092543829198753,0.9752313357429088,0.28642586161515543,-0.1506839538750001,-0.12476866425709132,0.2432545401866943,0.29370042893152404
189,13,1.4,1,1,1.09396336725,0.3330157828576112,1.1009327688538721,0.3162281157083653,-0.3060366327499999,-0.29906723114612777,0.30441218858611757,0.28723653673927346
190,13,1.4,3,1,1.1179740041666666,0.20400850965830408,1.0803322062101717,0.31015475872744125,-0.2820259958333333,-0.31966779378982824,0.18248054865137156,0.2870920231245079
191,13,1.4,5,1,1.1246225838333332,0.2878264100936869,1.0719256682516476,0.3089689259057968,-0.27537741616666667,-0.3280743317483523,0.25593155804555867,0.2882372678039673
192,13,1.7,1,1,1.3472802770416665,0.41440761524112263,1.1914183131588731,0.3385074107599896,-0.3527197229583334,-0.5085816868411268,0.3075882741719275,0.28412137619614575
193,13,1.7,3,1,1.1839559974166667,0.3144526618677957,1.1704836822852707,0.3327678729513002,-0.5160440025833333,-0.5295163177147293,0.26559488912925466,0.2842994549924857
194,13,1.7,5,1,1.02662567825,0.3874817888552393,1.158272068878394,0.32971633878788825,-0.6733743217499999,-0.5417279311216059,0.37743239533589884,0.2846622547905926
195,14,0.5,1,1,0.5573157587500001,0.16998007392959433,0.5918064683757688,0.24586131407151995,0.057315758750000056,0.09180646837576878,0.30499778852627735,0.4154420865765357
196,14,0.5,3,1,0.5379815400416667,0.15047241277905926,0.557941864943816,0.24073839619963763,0.03798154004166665,0.057941864943816035,0.2796980966436231,0.43147577073084425
197,14,0.5,5,1,0.5633185150000001,0.13735675569276193,0.5440625507417678,0.2406569235512008,0.06331851500000008,0.04406255074176779,0.24383497441542804,0.44233318985674036
198,14,0.8,1,1,0.8146347199583334,0.2947468841744823,0.8451853784603527,0.254622103598535,0.01463471995833332,0.04518537846035264,0.36181478269126305,0.3012618415883767
199,14,0.8,3,1,0.7559694190416667,0.21498960743110404,0.7995015961312744,0.24572976521324086,-0.04403058095833334,-0.0004984038687256831,0.28438929143938624,0.3073536893513508
200,14,0.8,5,1,0.75997117875,0.19602532755012717,0.7779938756583367,0.24240357469360965,-0.04002882125000007,-0.02200612434166338,0.25793784426476474,0.31157517080515357
201,14,1.1,1,1,1.117962345625,0.2624757726518895,1.0776539438015302,0.2862860465625733,0.017962345624999987,-0.022346056198469855,0.23478051267026498,0.2656567520670607
202,14,1.1,3,1,1.028616381375,0.26641776433003755,1.0189368302135984,0.27411009990181584,-0.07138361862500009,-0.08106316978640171,0.2590059512506542,0.269015793495613
203,14,1.1,5,1,0.8479786615833333,0.23738450131356187,0.9939029249367268,0.26884885310273576,-0.25202133841666674,-0.10609707506327326,0.27994159766982935,0.2704981003248894
204,14,1.4,1,1,1.3917169251666666,0.3107697970039756,1.2950308822875491,0.3250399249966978,-0.008283074833333348,-0.10496911771245077,0.22329957434897119,0.25099009563582425
205,14,1.4,3,1,1.2832814984583334,0.3768380196986701,1.2264035709246102,0.3100543981259561,-0.11671850154166652,-0.17359642907538975,0.29365187618724603,0.2528159616268892
206,14,1.4,5,1,1.0459658930416667,0.42043560483793624,1.1931437489916237,0.30289619803338075,-0.35403410695833326,-0.20685625100837624,0.4019591916284291,0.25386396089270147
207,14,1.7,1,1,1.581627130652174,0.41206601251549113,1.502089278397979,0.36764834588379197,-0.11837286934782587,-0.19791072160202106,0.2605329691996231,0.2447579855412452
208,14,1.7,3,1,1.4146245705416665,0.3931125094138927,1.4198783306741112,0.349055729174528,-0.2853754294583335,-0.2801216693258888,0.2778917584213655,0.24583495756908122
209,14,1.7,5,1,1.4702715430416669,0.36628006396653534,1.3836328653470142,0.34178255517093337,-0.2297284569583331,-0.3163671346529857,0.24912409255285106,0.24701823997597405
210,15,0.5,1,1,0.49261318950000005,0.12265840434863313,0.5759852597670775,0.17337863558468627,-0.007386810499999952,0.07598525976707748,0.24899537195325772,0.3010122787774097
211,15,0.5,3,1,0.5548365966521739,0.12613867795938524,0.5577096186336966,0.17197844619022448,0.054836596652173886,0.05770961863369661,0.2273438318966212,0.3083655731302347
212,15,0.5,5,1,0.6406458762916667,0.1801333674479455,0.549384309404928,0.1710829976039397,0.1406458762916667,0.049384309404927995,0.28117463034435614,0.3114085980891049
213,15,0.8,1,1,0.7693030638333332,0.08956878686832948,0.8048852107094011,0.1805565566990168,-0.0306969361666668,0.004885210709401067,0.11642848063287349,0.22432584708554876
214,15,0.8,3,1,0.7473074288333333,0.22104776456035238,0.7786739698689031,0.17698686637773037,-0.0526925711666667,-0.021326030131096907,0.2957922750820815,0.22729264522291368
215,15,0.8,5,1,0.8019628842083333,0.14005540402966707,0.7675858363368876,0.1752167498135909,0.0019628842083332376,-0.03241416366311245,0.17464075556055733,0.22826991004650274
216,15,1.1,1,1,1.0606386384166666,0.2224673310286129,1.007967473905713,0.20244747776263114,-0.039361361583333476,-0.09203252609428714,0.2097484694322608,0.20084723267724056
217,15,1.1,3,1,0.9453096124583333,0.23057257862009567,0.9770042841674469,0.19747056734575166,-0.15469038754166675,-0.1229957158325532,0.24391223317879746,0.20211842521655468
218,15,1.1,5,1,0.9946474699583333,0.1409675642916887,0.9610693084067146,0.1952542626334282,-0.10535253004166678,-0.13893069159328553,0.14172615780905162,0.2031635605522829
219,15,1.4,1,1,1.2213146633333334,0.17294552631290488,1.196541301753858,0.22865103695672365,-0.17868533666666653,-0.20345869824614193,0.1416060344685331,0.19109330920844364
220,15,1.4,3,1,1.1199742985,0.18806826901188164,1.1579157779672746,0.2217706310366459,-0.28002570149999984,-0.24208422203272528,0.16792195076598146,0.19152570096761706
221,15,1.4,5,1,1.14331310525,0.25023018099096905,1.140711648076985,0.2196511121016474,-0.25668689474999984,-0.2592883519230149,0.21886408879766406,0.1925562103901857
222,15,1.7,1,1,1.510642225375,0.30424061387579443,1.3730232839619754,0.25572793061388527,-0.18935777462499992,-0.3269767160380246,0.20139819261325764,0.18625170716403336
223,15,1.7,3,1,1.2706344169583332,0.2712494414139202,1.3287840441539922,0.24759158928527114,-0.4293655830416667,-0.37121595584600775,0.21347559753909534,0.18632944184915112
224,15,1.7,5,1,1.2079920222916667,0.23637658533251305,1.3088390323530383,0.2458712762433608,-0.49200797770833327,-0.3911609676469616,0.19567727350060304,0.18785448031858587
225,16,0.5,1,1,0.7466118100833333,0.24938591913485586,0.8116504892353406,0.2157184358895481,0.24661181008333333,0.31165048923534056,0.33402353909593335,0.26577749751962493
226,16,0.5,3,1,0.8319715330416667,0.25577328429752105,0.8041669952664985,0.2129696121071107,0.3319715330416667,0.3041669952664985,0.3074303316153384,0.26483257005161376
227,16,0.5,5,1,0.8666370744166666,0.293486498470476,0.7996766303524223,0.21242905980531757,0.3666370744166666,0.2996766303524223,0.3386498306318383,0.26564370114417224
228,16,0.8,1,1,0.8766870559166667,0.23061173041189145,0.9785958484711624,0.23417924207656318,0.07668705591666669,0.1785958484711624,0.263049087876361,0.23930128299891726
229,16,0.8,3,1,0.9599406523749999,0.23199099766578185,0.9686822753954826,0.23221289909366027,0.15994065237499988,0.16868227539548253,0.24167222951940864,0.23972039645182425
230,16,0.8,5,1,1.0092860973333333,0.282971147847113,0.9651699166800213,0.23090274185348691,0.20928609733333325,0.16516991668002123,0.28036762677575766,0.23923532827022118
231,16,1.1,1,1,1.0583015276666667,0.21897262958246597,1.112199335042666,0.2560060394602235,-0.04169847233333335,0.012199335042665904,0.2069094902142443,0.23017999687115676
232,16,1.1,3,1,1.0366641841666666,0.1869190789105901,1.1008099189326517,0.25399159683833167,-0.06333581583333348,0.0008099189326515877,0.1803082249444616,0.23073156634035658
233,16,1.1,5,1,1.1346355373750001,0.20674260198421587,1.0964543023455913,0.2532152426274891,0.034635537375000025,-0.0035456976544088192,0.1822105823183704,0.23094007847458675
234,16,1.4,1,1,1.2333118094166666,0.24801651426702115,1.225131886075752,0.2776699789942393,-0.16668819058333328,-0.17486811392424784,0.20109798055394307,0.22664496953356617
235,16,1.4,3,1,1.1759669022916668,0.2229924473677826,1.2131086530600452,0.2743371624501432,-0.22403309770833313,-0.18689134693995468,0.18962476489195895,0.2261439334045904
236,16,1.4,5,1,1.2133303957083335,0.17393252738295223,1.2076985724657685,0.2731351158499458,-0.18666960429166646,-0.1923014275342314,0.1433513311775328,0.22616166159100737
237,16,1.7,1,1,1.4693371621666669,0.29192760810033797,1.3237429506174097,0.2965762307061603,-0.23066283783333308,-0.3762570493825903,0.19867979631704477,0.22404367144530105
238,16,1.7,3,1,1.3445996340833333,0.28603968345478004,1.3109248255219659,0.2930935504251251,-0.3554003659166667,-0.3890751744780341,0.21273223359887689,0.2235776947075704
239,16,1.7,5,1,1.3232999897083333,0.20090997667364557,1.304415269678203,0.2932154342058372,-0.37670001029166666,-0.395584730321797,0.1518249665504251,0.2247868765582397
